"",Tabela de Categoria do Padrão TISS
Código,Descrição da categoria
1,Componente Organizacional
2,Componente de Conteúdo e Estrutura
3,Componente de Representação de Conceitos em Saúde
4,Componente de Comunicação
5,Componente de Segurança e Privacidade
18,"Terminologia de diárias, taxas e gases medicinais"
19,Terminologia de materiais e OPME
20,Terminologia de medicamentos
22,Terminologia de procedimentos e eventos em saúde
23,Terminologia de caráter do atendimento
24,Terminologia de Classificação Brasileira de Ocupações (CBO)
25,Terminologia de código da despesa
26,Terminologia de conselho profissional
27,Terminologia de débitos e créditos
28,Terminologia de dentes
29,Terminologia de diagnóstico por imagem
30,Terminologia de Escala de capacidade funcional (ECOG - Escala de Zubrod)
31,Terminologia de estadiamento do tumor
32,Terminologia de faces do dente
33,Terminologia de finalidade do tratamento
34,Terminologia de forma de pagamento
35,Terminologia de grau de participação
36,Terminologia de indicador de acidente
37,Terminologia de Indicador de débito ou crédito
38,"Terminologia de mensagens (glosas, negativas e outras)"
39,Terminologia de motivo de encerramento
40,Terminologia de Origem da Guia
41,Terminologia de regime de internação
42,Terminologia de regiões da boca
43,Terminologia de sexo
44,Terminologia de situação inicial do dente
45,Terminologia de status da solicitação
46,Terminologia de status do cancelamento
47,Terminologia de status do protocolo
48,Terminologia de técnica utilizada
49,Terminologia de tipo de acomodação
50,Terminologia de tipo de atendimento
51,Terminologia de tipo de atendimento em odontologia
52,Terminologia de tipo de consulta
53,Terminologia de tipo de demonstrativo
54,Terminologia de tipo de guia
55,Terminologia de tipo de faturamento
56,Terminologia de natureza da guia
57,Terminologia de tipo de internação
58,Terminologia de tipo de quimioterapia
59,Terminologia de unidade da federação
60,Terminologia de unidade de medida
61,Terminologia de via de acesso
62,Terminologia de via de administração
63,Terminologia de grupos de procedimentos e itens assistenciais para envio para ANS
64,Terminologia de forma de envio de procedimentos e itens assistenciais para ANS
65,Terminologia de metástases
66,Terminologia de nódulo
67,Terminologia de tumor
68,Terminologia de categoria de despesa
69,Terminologia de versão do componente de comunicação padrão
70,Terminologia de forma de envio do padrão
71,Terminologia de tipo de atendimento por operadora intermediária
72,Terminologia de tipo de identificação do beneficiário
73,Terminologia de etapas de autorização
74,Terminologia de motivos de ausência do código de validação
75,Terminologia de Cobertura especial
76,Terminologia de Regime de atendimento
77,Terminologia de Saúde ocupacional
78,Terminologia de Tipo de Pagamento
79,Terminologia de Modelos de Remuneração entre Operadoras e Prestadores
80,Terminologia de formato do documento
81,Terminologia de Tipo do documento
87,Terminologia de tabelas de domínio
100,Legenda da mensagem de verificação de elegibilidade
101,Legenda da mensagem de resposta à verificação de elegibilidade
102,"Legenda da mensagem de solicitação de autorização para realização deprocedimentos"
103,Legenda da mensagem de autorização para realização de procedimentos
104,Legenda da mensagem de envio de lote de anexos
105,Legenda da mensagem de recebimento de lote de anexos
106,Legenda da mensagem de solicitação de status de autorização
107,Legenda da mensagem de situação do status de autorização
108,Legenda da mensagem de envio de lote de guias para cobrança
109,Legenda da mensagem de recebimento de lote de guias de cobrança
110,Legenda da mensagem de solicitação de status do protocolo
111,Legenda da mensagem de situação do protocolo de cobrança
112,Legenda da mensagem de recurso de glosa
113,Legenda da mensagem de recebimento do recurso de glosa
114,Legenda da mensagem de resposta ao recurso de glosa
115,Legenda da mensagem de solicitação de status do recurso de glosa
116,Legenda da mensagem de solicitação de demonstrativos de retorno
117,Legenda da mensagem de demonstrativos de retorno para o prestador
118,Legenda da mensagem de comunicação de internação ou alta do beneficiário
119,"Legenda da mensagem de resposta à comunicação de internação ou alta dobeneficiário"
120,Legenda da mensagem de solicitação de cancelamento de guia
121,Legenda da mensagem de resposta a solicitação de cancelamento da guia
122,Legenda da mensagem de informação acerca da negativa de autorização
123,Legenda da mensagem de informações sobre partos
124,Legenda da mensagem de envio de dados para ANS
125,Legenda da mensagem de utilização de serviços
126,Legenda da mensagem de negativa de autorização
127,Legenda da mensagem de informação sobre partos
128,Mensagem de verificação de elegibilidade (verificaElegibilidade)
129,Mensagem de resposta à verificação de elegibilidade (respostaElegibilidade)
130,"Mensagem de solicitação de autorização para realização de procedimentos(solicitacaoProcedimento)"
131,Mensagem de autorização para realização de procedimentos (autorizaçãoServiços)
132,Mensagem de envio de lote de anexos (LoteAnexos)
133,Mensagem de recebimento de lote de anexos (recebimentoAnexo)
134,Mensagem de solicitação de status de autorização (solicitaStatusAutorização)
135,Mensagem de situação do status de autorização (situaçãoAutorização)
136,Mensagem de envio de lote de guias para cobrança (Loteguias)
137,Mensagem de recebimento de lote de guias de cobrança (recebimentoLote)
138,Mensagem de solicitação de status do protocolo (solicitacaoStatusProtocolo)
139,Mensagem de situação do protocolo de cobrança (situacaoProtocolo)
140,Mensagem de recurso de glosa (recursoGlosa)
141,Mensagem de recebimento do recurso de glosa (recebimentoRecursoGlosa)
142,Mensagem de resposta ao recurso de glosa (respostaRecursoGlosa)
143,"Mensagem de solicitação de status do recurso de glosa(solicitaçãoStatusRecursoGlosa)"
144,"Mensagem de solicitação de demonstrativos de retorno(solicitaçãoDemonstrativoRetorno)"
145,Mensagem de demonstrativos de retorno para o prestador (demonstrativosretorno)
146,"Mensagem de comunicação de internação ou alta do beneficiário(comunicacaoInternacao)"
147,"Mensagem de resposta à comunicação de internação ou alta do beneficiário(reciboComunicacao)"
148,Mensagem de solicitação de cancelamento de guia (cancelaGuia)
149,Mensagem de resposta a solicitação de cancelamento da guia (reciboCancelaGuia)
150,Mensagem de envio de dados para ANS (envioOperadorasANS)
151,Anexo de outras despesas
152,Anexo de solicitação de quimioterapia
153,Anexo de solicitação de radioterapia
154,Anexo de solicitação OPME
155,Anexo tratamento odontológico - situação inicial
156,Guia de comprovante presencial
157,Guia de consulta
158,Guia de demonstrativo de análise da conta
159,Guia de demonstrativo de pagamento
160,Guia de demonstrativo de pagamento - tratamento odontológico
161,Guia de honorários
162,Guia de recurso de glosa
163,Guia de recurso de glosa odontológica
164,Guia de resumo de internação
165,Guia de serviços profissionais/serviço auxiliar de diagnóstico e terapia
166,Guia de solicitação de internação
167,Guia de solicitação de prorrogação de internação ou complementação do tratamento
168,Guia de tratamento odontológico
Tabela de Tipo de Solicitação
Código
Descrição da categoria
1 Alteração
2 Inclusão
""
3 Exclusão
